AccountNumber,BillNumber,IssueDate,DueDate,CustomerName,Address,OSBalance,AdvancePayment,CurrentCharges,TamperingInst,OtherInst,OtherCharges,ConsumptionValue,MeterRent,CountryFils,FuelPriceRate,TVFees,GarbageFees,MeterNumber,Period,PresRead,PrevRead,CalcUsage,Disc,MultFactor,ExportedUsage,NetConsumption,IsObb,ObbAmount,Language,PrevMonPeriod_1,PrevMonConsumption_1,PrevMonPeriod_2,PrevMonConsumption_2,PrevMonPeriod_3,PrevMonConsumption_3,PrevMonPeriod_4,PrevMonConsumption_4,PrevMonPeriod_5,PrevMonConsumption_5,PrevMonPeriod_6,PrevMonConsumption_6,PrevMonPeriod_7,PrevMonConsumption_7,PrevMonPeriod_8,PrevMonConsumption_8,PrevMonPeriod_9,PrevMonConsumption_9,PrevMonPeriod_10,PrevMonConsumption_10,PrevMonPeriod_11,PrevMonConsumption_11
2582966367,6325359899,2017-12-06,2018-01-09,Monica Greer,"454 Robles Walk Apt. 447, East Alexchester, NJ 92355",18.84,29.32,141.03,4,2,7.71,516.8599342523328,5.54,0.68,0.58,0.55,2.91,439307,2018-05-01 to 2018-05-28,10501,10196,305,0.68,1.08,329.4,329.4,TRUE,46.17,English,2017-03-01 to 2017-03-28,539.69,2017-01-01 to 2017-10-28,519.01,2017-02-01 to 2017-06-28,521.26,2017-01-01 to 2017-08-28,524.41,2017-11-01 to 2017-10-28,526.35,2017-06-01 to 2017-07-28,517.85,2017-12-01 to 2017-02-28,504.43,2017-05-01 to 2017-10-28,508.22,2017-08-01 to 2017-11-28,510.94,2017-02-01 to 2017-01-28,499.65,2017-04-01 to 2017-01-28,516.86
2177553151,6509846011,2017-04-07,2017-05-06,David Rios,"3833 Gutierrez Hills, Johnsonmouth, KY 99049",36.42,-1.67,453.29,8,4,2.61,549.3541901363662,5.7,0.94,0.29,1.92,17.6,359637,2018-08-01 to 2018-01-28,11465,10837,628,0.73,1.02,640.56,640.56,TRUE,31.58,Arabic,2017-06-01 to 2017-06-28,561.6,2017-05-01 to 2017-03-28,565.48,2017-02-01 to 2017-10-28,559.29,2017-04-01 to 2017-11-28,574.13,2017-12-01 to 2017-09-28,571.84,2017-12-01 to 2017-05-28,562.35,2017-03-01 to 2017-02-28,569.36,2017-09-01 to 2017-04-28,552.24,2017-06-01 to 2017-10-28,562.89,2017-09-01 to 2017-10-28,558.72,2017-10-01 to 2017-11-28,549.35
2415617696,6969188845,2017-03-19,2017-04-20,Brittney Sullivan,"8430 Jenna Crossroad Suite 561, South Robertport, FL 07769",95.13,10.84,499.6,0,0,14.73,575.8163646910159,3.33,0.21,0.43,0.86,2.1,400957,2018-09-01 to 2018-09-28,10055,9385,670,0.33,1.02,683.4,683.4,TRUE,4.59,English,2017-12-01 to 2017-12-28,574.04,2017-03-01 to 2017-07-28,570.76,2017-07-01 to 2017-06-28,590.36,2017-03-01 to 2017-07-28,566.74,2017-04-01 to 2017-03-28,569.92,2017-11-01 to 2017-02-28,565.87,2017-06-01 to 2017-01-28,573.1,2017-11-01 to 2017-05-28,569.81,2017-11-01 to 2017-08-28,572.39,2017-02-01 to 2017-06-28,576.03,2017-10-01 to 2017-09-28,575.82
2487981147,6961581467,2017-09-27,2017-10-26,Jill Elliott,"890 Jeremy Plaza, Alyssafurt, SC 71734",74.34,15.44,319.77,9,0,8.6,563.7567679116647,2.95,0.59,0.93,1.46,5.63,248445,2018-12-01 to 2018-07-28,11147,10584,563,0.06,1.04,585.52,585.52,TRUE,6.06,English,2017-05-01 to 2017-03-28,579.68,2017-10-01 to 2017-05-28,590.2,2017-06-01 to 2017-05-28,575.15,2017-05-01 to 2017-07-28,575.41,2017-07-01 to 2017-04-28,582.69,2017-04-01 to 2017-11-28,577.47,2017-04-01 to 2017-05-28,586.99,2017-11-01 to 2017-08-28,580.7,2017-12-01 to 2017-01-28,578.63,2017-01-01 to 2017-01-28,562.78,2017-12-01 to 2017-11-28,563.76
2965766313,6981474561,2017-07-23,2017-08-13,Jessica Jones,"PSC 9066, Box 6418, APO AP 09444",58.86,-36.93,322.18,1,2,6.47,423.2307416108865,4.96,0.72,0.31,1.12,15.76,922428,2018-01-01 to 2018-12-28,10116,9436,680,0.38,1.07,727.6,727.6,FALSE,,Arabic,2017-08-01 to 2017-10-28,467.87,2017-03-01 to 2017-06-28,458.77,2017-07-01 to 2017-05-28,456.18,2017-03-01 to 2017-05-28,472.74,2017-05-01 to 2017-01-28,449.32,2017-01-01 to 2017-09-28,440.6,2017-08-01 to 2017-06-28,427.99,2017-02-01 to 2017-01-28,433.07,2017-07-01 to 2017-07-28,456.39,2017-06-01 to 2017-11-28,434.07,2017-08-01 to 2017-03-28,423.23
2744949191,6959915607,2017-08-27,2017-09-21,Tina Oconnell,"654 Carlos Burg, West Steve, ND 11896",33.75,24.69,341.31,2,1,15.8,645.6235347133118,7.28,0.83,0.78,1.63,7.24,713431,2018-01-01 to 2018-03-28,10945,10496,449,0.83,1.04,466.96,466.96,FALSE,,English,2017-04-01 to 2017-05-28,670.95,2017-05-01 to 2017-11-28,667.37,2017-05-01 to 2017-09-28,680.32,2017-12-01 to 2017-12-28,676.12,2017-05-01 to 2017-05-28,670.88,2017-02-01 to 2017-08-28,667.99,2017-03-01 to 2017-04-28,659.83,2017-07-01 to 2017-12-28,645.93,2017-11-01 to 2017-06-28,669.48,2017-05-01 to 2017-03-28,655.13,2017-10-01 to 2017-12-28,645.62
2004971944,6536689046,2017-09-02,2017-09-27,David Aguirre,"97246 Jarvis Rest, West Amyville, OH 75319",78.49,47.45,134.61,1,1,4.74,478.56076239186666,9.33,0.14,0.97,1.67,2.86,954088,2018-11-01 to 2018-01-28,11213,10674,539,0.57,1.09,587.51,587.51,TRUE,47.61,English,2017-02-01 to 2017-04-28,437.59,2017-11-01 to 2017-05-28,428.03,2017-01-01 to 2017-07-28,413.65,2017-05-01 to 2017-04-28,449.7,2017-04-01 to 2017-06-28,441.56,2017-09-01 to 2017-07-28,456.7,2017-12-01 to 2017-06-28,455.65,2017-08-01 to 2017-09-28,457.84,2017-02-01 to 2017-03-28,462.12,2017-09-01 to 2017-06-28,451.89,2017-10-01 to 2017-01-28,478.56
2046934609,6543420577,2017-07-25,2017-08-17,Timothy Lewis,"0215 John Burgs, South Kennethton, NM 88052",66.58,-35.82,379.53,5,0,18.54,391.04611383830417,8.7,0.21,0.6,1.03,4.92,879591,2018-01-01 to 2018-04-28,10166,9744,422,0.06,1.01,426.22,426.22,TRUE,41.57,English,2017-02-01 to 2017-10-28,445.16,2017-05-01 to 2017-08-28,426.68,2017-08-01 to 2017-02-28,406.1,2017-12-01 to 2017-04-28,404.7,2017-11-01 to 2017-07-28,434.53,2017-08-01 to 2017-06-28,410.97,2017-03-01 to 2017-12-28,398.17,2017-05-01 to 2017-10-28,403.05,2017-09-01 to 2017-04-28,382.34,2017-09-01 to 2017-08-28,401.69,2017-02-01 to 2017-06-28,391.05
2432803523,6488408081,2017-12-11,2017-12-26,Robert Smith,"7401 Sutton Street Apt. 287, Port Sylvia, TN 79134",38.5,-47.96,187.43,7,2,0.97,580.3631566491081,2.22,0.69,0.37,1.56,7.27,852311,2018-05-01 to 2018-03-28,11646,11186,460,0.02,1.03,473.8,473.8,TRUE,42.72,English,2017-04-01 to 2017-07-28,566.3,2017-02-01 to 2017-10-28,577.35,2017-05-01 to 2017-06-28,590.73,2017-04-01 to 2017-01-28,580.45,2017-03-01 to 2017-06-28,592.13,2017-10-01 to 2017-06-28,592.78,2017-10-01 to 2017-04-28,616.89,2017-09-01 to 2017-07-28,589.02,2017-02-01 to 2017-11-28,593.83,2017-11-01 to 2017-01-28,621.57,2017-10-01 to 2017-01-28,580.36
2696062022,6488747380,2017-10-16,2017-11-22,Debra King,"990 Baker Via, Lake Patrickbury, CA 91806",78.3,-34.02,136.51,9,2,5.8,699.4675686807435,3.73,0.33,0.46,1.48,7.7,867197,2018-05-01 to 2018-09-28,11156,10597,559,0.11,1.05,586.95,586.95,TRUE,49.31,English,2017-05-01 to 2017-12-28,636.45,2017-03-01 to 2017-07-28,663.35,2017-01-01 to 2017-05-28,670.86,2017-10-01 to 2017-08-28,675.9,2017-10-01 to 2017-02-28,673.11,2017-06-01 to 2017-12-28,682.95,2017-04-01 to 2017-08-28,672.36,2017-08-01 to 2017-04-28,690.1,2017-07-01 to 2017-11-28,686.45,2017-09-01 to 2017-10-28,692.2,2017-04-01 to 2017-07-28,699.47
2315680559,6480204482,2017-03-09,2017-04-14,Melissa Horn,"595 Andrew Way Apt. 353, Ravenberg, ID 09060",19.49,-42.37,421.05,3,3,1.04,492.632699633109,4.24,0.21,0.77,0.74,8.6,705844,2018-01-01 to 2018-05-28,11381,10984,397,0.62,1.03,408.91,408.91,FALSE,,English,2017-02-01 to 2017-12-28,549.99,2017-11-01 to 2017-07-28,565.01,2017-08-01 to 2017-11-28,540.81,2017-06-01 to 2017-01-28,544.88,2017-06-01 to 2017-02-28,536.55,2017-02-01 to 2017-07-28,542.29,2017-07-01 to 2017-03-28,532.39,2017-01-01 to 2017-06-28,526.42,2017-11-01 to 2017-04-28,512.92,2017-01-01 to 2017-04-28,513.51,2017-03-01 to 2017-10-28,492.63
2668062803,6782799070,2017-08-21,2017-09-09,Julian Nichols,"43253 Brown Parkway Apt. 114, New Roberto, NE 99389",66.49,-20.92,60.67,4,5,15.67,603.8564816384586,9.85,0.17,0.11,0.71,5.12,226079,2018-06-01 to 2018-06-28,11064,10620,444,0.41,1.03,457.32,457.32,FALSE,,Arabic,2017-05-01 to 2017-09-28,636.43,2017-04-01 to 2017-07-28,648.65,2017-10-01 to 2017-10-28,634.13,2017-12-01 to 2017-03-28,632.71,2017-07-01 to 2017-11-28,623.35,2017-01-01 to 2017-11-28,601.08,2017-03-01 to 2017-02-28,598.13,2017-06-01 to 2017-06-28,606.64,2017-07-01 to 2017-10-28,607.97,2017-02-01 to 2017-02-28,593.63,2017-08-01 to 2017-08-28,603.86
2291747881,6582498881,2017-06-24,2017-07-23,Sara Lopez,"5262 Curtis Island, New Juanland, MD 90953",68.54,-9.83,357.25,5,1,19.73,418.01441179352844,9.1,0.33,0.96,0.68,1.69,209660,2018-09-01 to 2018-02-28,11436,11077,359,0.97,1.07,384.13,384.13,TRUE,40.3,Arabic,2017-12-01 to 2017-06-28,420.29,2017-06-01 to 2017-02-28,422.79,2017-06-01 to 2017-10-28,405.22,2017-09-01 to 2017-08-28,411.2,2017-01-01 to 2017-07-28,401.03,2017-06-01 to 2017-08-28,431.22,2017-03-01 to 2017-06-28,428.69,2017-02-01 to 2017-03-28,423.24,2017-01-01 to 2017-04-28,429.98,2017-02-01 to 2017-02-28,424.04,2017-04-01 to 2017-11-28,418.01
2716363507,6970738213,2017-09-17,2017-10-27,Christopher Campbell,"USS Bell, FPO AP 65176",46.51,21.43,474.5,5,4,8.52,430.0481674790308,4.21,0.98,0.89,1.59,4.85,828319,2018-07-01 to 2018-08-28,10393,9771,622,0.68,1.02,634.44,634.44,TRUE,6.39,Arabic,2017-01-01 to 2017-02-28,449.46,2017-08-01 to 2017-04-28,427.14,2017-08-01 to 2017-04-28,435.64,2017-12-01 to 2017-01-28,432.89,2017-06-01 to 2017-04-28,427.9,2017-11-01 to 2017-03-28,430.56,2017-06-01 to 2017-08-28,434.5,2017-10-01 to 2017-08-28,421.55,2017-07-01 to 2017-10-28,441.98,2017-06-01 to 2017-06-28,418.84,2017-03-01 to 2017-04-28,430.05
2650795561,6061040820,2017-07-19,2017-08-19,Tammy Daniels,"659 Brandon Circles, Hamptonstad, AL 47210",56.11,27.34,177.47,2,3,7.94,542.2236707811752,9.45,0.9,0.31,0.63,3.94,451498,2018-12-01 to 2018-04-28,10993,10387,606,0.1,1.03,624.18,624.18,TRUE,1.11,Arabic,2017-01-01 to 2017-06-28,559.32,2017-08-01 to 2017-01-28,547.92,2017-12-01 to 2017-03-28,537.47,2017-01-01 to 2017-03-28,555.26,2017-09-01 to 2017-03-28,536.32,2017-12-01 to 2017-12-28,546.39,2017-01-01 to 2017-12-28,535.71,2017-11-01 to 2017-05-28,511.75,2017-05-01 to 2017-10-28,524.86,2017-11-01 to 2017-08-28,512.77,2017-08-01 to 2017-12-28,542.22
2424780138,6929982588,2017-04-11,2017-05-19,Fred Hughes,"USCGC Whitehead, FPO AE 41441",93.58,-6.9,205.19,10,2,17.62,570.8065353188506,8.52,0.96,0.63,0.73,4.29,425565,2018-05-01 to 2018-04-28,10239,9683,556,0.75,1.07,594.92,594.92,FALSE,,Arabic,2017-10-01 to 2017-01-28,526.4,2017-11-01 to 2017-10-28,502.41,2017-05-01 to 2017-07-28,557.0,2017-07-01 to 2017-09-28,539.6,2017-01-01 to 2017-12-28,532.33,2017-01-01 to 2017-06-28,555.58,2017-07-01 to 2017-04-28,547.72,2017-08-01 to 2017-01-28,577.96,2017-09-01 to 2017-01-28,564.79,2017-04-01 to 2017-02-28,569.87,2017-01-01 to 2017-08-28,570.81
2726886202,6726087779,2017-12-11,2017-12-26,Suzanne Miller,"65399 Bird Green, Eugenechester, MT 27678",25.71,21.2,128.88,3,5,13.53,625.5528666091755,4.09,0.86,0.39,1.11,1.91,466798,2018-06-01 to 2018-01-28,11616,11222,394,0.66,1.06,417.64,417.64,FALSE,,English,2017-06-01 to 2017-04-28,572.72,2017-04-01 to 2017-06-28,594.07,2017-06-01 to 2017-08-28,595.15,2017-07-01 to 2017-01-28,593.64,2017-05-01 to 2017-01-28,613.83,2017-02-01 to 2017-02-28,597.25,2017-10-01 to 2017-01-28,607.77,2017-07-01 to 2017-05-28,617.43,2017-08-01 to 2017-02-28,620.75,2017-07-01 to 2017-10-28,619.1,2017-12-01 to 2017-05-28,625.55
2194832022,6955079976,2017-08-08,2017-09-12,Jennifer Coleman,"0538 Morris Trail, Wellschester, NC 14092",24.85,6.42,493.09,0,1,12.51,584.3554446423794,8.46,0.86,0.99,1.1,16.31,610255,2018-07-01 to 2018-05-28,10311,9895,416,0.92,1.06,440.96,440.96,FALSE,,Arabic,2017-02-01 to 2017-06-28,597.38,2017-04-01 to 2017-10-28,583.54,2017-04-01 to 2017-01-28,614.99,2017-07-01 to 2017-01-28,594.19,2017-01-01 to 2017-05-28,594.39,2017-12-01 to 2017-08-28,589.46,2017-04-01 to 2017-01-28,591.77,2017-10-01 to 2017-01-28,581.83,2017-09-01 to 2017-09-28,604.2,2017-09-01 to 2017-07-28,602.92,2017-11-01 to 2017-05-28,584.36
2423584678,6584589721,2017-06-14,2017-07-10,David Warner,"38424 Elizabeth River Apt. 661, Lake Elizabethbury, VA 43105",21.31,-49.41,397.84,8,4,17.4,518.4446557192877,8.26,0.27,0.32,0.52,1.09,506898,2018-08-01 to 2018-07-28,10705,10217,488,0.81,1.05,512.4,512.4,TRUE,22.47,English,2017-12-01 to 2017-12-28,474.29,2017-10-01 to 2017-05-28,465.18,2017-06-01 to 2017-12-28,480.94,2017-01-01 to 2017-12-28,458.06,2017-02-01 to 2017-06-28,464.41,2017-10-01 to 2017-01-28,477.86,2017-01-01 to 2017-12-28,483.79,2017-06-01 to 2017-08-28,490.73,2017-01-01 to 2017-10-28,477.71,2017-10-01 to 2017-07-28,490.34,2017-04-01 to 2017-07-28,518.44
2376795529,6296212261,2017-04-28,2017-05-21,Tony Rodriguez,"935 Rogers Mountains Suite 821, Port Lisaburgh, VI 81895",87.05,47.83,164.89,1,2,10.6,536.3823169905928,7.77,0.98,0.59,1.19,1.46,942467,2018-02-01 to 2018-09-28,11645,11188,457,0.97,1.08,493.56,493.56,TRUE,43.38,Arabic,2017-01-01 to 2017-04-28,557.42,2017-06-01 to 2017-06-28,551.9,2017-10-01 to 2017-03-28,560.16,2017-08-01 to 2017-11-28,554.69,2017-06-01 to 2017-12-28,562.46,2017-03-01 to 2017-06-28,538.79,2017-02-01 to 2017-11-28,546.92,2017-12-01 to 2017-02-28,549.12,2017-02-01 to 2017-02-28,542.57,2017-05-01 to 2017-05-28,559.84,2017-09-01 to 2017-06-28,536.38
2297249633,6377679776,2017-03-04,2017-04-11,Jacqueline Smith,"6974 Vasquez Union, North Aaron, VT 49614",68.21,-37.46,279.55,10,3,6.87,1654.5216875080537,2.12,0.38,0.77,0.67,6.43,574040,2018-05-01 to 2018-06-28,10552,10175,377,0.15,1.04,392.08,392.08,FALSE,,Arabic,2017-03-01 to 2017-08-28,636.8,2017-09-01 to 2017-07-28,637.91,2017-10-01 to 2017-11-28,632.42,2017-08-01 to 2017-08-28,621.99,2017-08-01 to 2017-06-28,631.47,2017-08-01 to 2017-06-28,621.7,2017-11-01 to 2017-01-28,640.93,2017-07-01 to 2017-10-28,639.42,2017-03-01 to 2017-06-28,637.21,2017-10-01 to 2017-08-28,618.96,2017-01-01 to 2017-09-28,612.41
2607253263,6422757709,2017-05-08,2017-06-03,Diana Mckee,"PSC 7054, Box 7101, APO AP 09324",9.54,-16.13,214.65,1,4,10.54,397.6662365429649,1.25,0.4,0.81,0.63,1.57,852393,2018-03-01 to 2018-03-28,10850,10485,365,0.05,1.1,401.5,401.5,FALSE,,Arabic,2017-05-01 to 2017-11-28,406.28,2017-02-01 to 2017-04-28,405.16,2017-09-01 to 2017-03-28,401.63,2017-07-01 to 2017-09-28,397.26,2017-11-01 to 2017-09-28,405.6,2017-01-01 to 2017-07-28,387.52,2017-01-01 to 2017-06-28,397.67,2017-01-01 to 2017-05-28,405.52,2017-08-01 to 2017-12-28,394.47,2017-04-01 to 2017-08-28,386.97,2017-07-01 to 2017-02-28,397.67
2317298416,6952270232,2017-05-28,2017-07-07,Monica Arnold,"567 Brian Isle, West Diana, WA 94686",26.02,25.49,255.16,3,3,1.48,737.3822943682276,5.77,0.89,0.39,1.99,9.18,705189,2018-08-01 to 2018-10-28,11478,10957,521,0.36,1.06,552.26,552.26,TRUE,17.89,Arabic,2017-07-01 to 2017-09-28,671.04,2017-10-01 to 2017-10-28,689.77,2017-04-01 to 2017-11-28,686.11,2017-06-01 to 2017-11-28,694.45,2017-06-01 to 2017-03-28,701.96,2017-12-01 to 2017-01-28,684.09,2017-01-01 to 2017-08-28,697.17,2017-12-01 to 2017-04-28,728.38,2017-02-01 to 2017-01-28,726.87,2017-08-01 to 2017-10-28,727.63,2017-01-01 to 2017-08-28,737.38
2773448729,6491371514,2017-05-06,2017-06-19,Alan Pham,"7716 Ruiz Stravenue, Calvintown, WI 52199",97.7,11.91,426.58,6,0,8.72,591.1650442813041,7.92,0.92,0.14,1.11,18.53,538435,2018-06-01 to 2018-03-28,11974,11504,470,0.97,1.07,502.9,502.9,FALSE,,Arabic,2017-11-01 to 2017-07-28,596.8,2017-09-01 to 2017-12-28,604.35,2017-10-01 to 2017-06-28,594.96,2017-10-01 to 2017-04-28,595.86,2017-06-01 to 2017-01-28,601.88,2017-06-01 to 2017-12-28,589.93,2017-12-01 to 2017-07-28,591.41,2017-05-01 to 2017-08-28,598.41,2017-12-01 to 2017-02-28,593.4,2017-02-01 to 2017-10-28,581.8,2017-05-01 to 2017-01-28,591.17
2315989922,6682932739,2017-07-14,2017-08-28,Mark Perez,"PSC 7629, Box 3296, APO AA 41270",56.16,38.36,370.04,8,0,12.84,576.7667284062886,9.3,0.8,0.26,1.72,4.62,904403,2018-12-01 to 2018-10-28,11650,11129,521,0.86,1.03,536.63,536.63,TRUE,2.96,English,2017-02-01 to 2017-01-28,597.87,2017-04-01 to 2017-06-28,587.21,2017-11-01 to 2017-03-28,580.69,2017-07-01 to 2017-08-28,570.37,2017-06-01 to 2017-05-28,562.94,2017-07-01 to 2017-12-28,557.33,2017-10-01 to 2017-12-28,570.43,2017-03-01 to 2017-04-28,555.7,2017-06-01 to 2017-04-28,556.06,2017-01-01 to 2017-12-28,554.28,2017-09-01 to 2017-03-28,576.77
2629281567,6907671068,2017-05-17,2017-06-05,Roy Robinson,"01151 Johnson Port Suite 530, Jeremiahbury, NM 45254",50.17,-13.68,311.9,8,2,15.83,463.60030488205564,1.92,0.18,0.62,0.55,11.69,503162,2018-04-01 to 2018-05-28,10803,10419,384,0.64,1.07,410.88,410.88,TRUE,14.5,Arabic,2017-05-01 to 2017-07-28,420.3,2017-06-01 to 2017-11-28,447.29,2017-05-01 to 2017-06-28,440.21,2017-10-01 to 2017-10-28,447.18,2017-04-01 to 2017-07-28,434.56,2017-06-01 to 2017-07-28,432.65,2017-07-01 to 2017-05-28,436.46,2017-12-01 to 2017-05-28,440.84,2017-07-01 to 2017-05-28,439.45,2017-03-01 to 2017-10-28,434.91,2017-06-01 to 2017-11-28,463.6
2753805182,6627110968,2017-12-05,2017-12-30,Caitlyn Walker,"28800 Ray Islands, Lake Kathleen, OK 13143",32.28,-19.45,255.39,9,4,17.25,429.68752842668044,1.24,1.0,0.48,0.89,15.81,118075,2018-03-01 to 2018-10-28,11074,10577,497,0.86,1.0,497.0,497.0,TRUE,27.34,English,2017-06-01 to 2017-12-28,442.39,2017-08-01 to 2017-12-28,436.67,2017-10-01 to 2017-04-28,439.58,2017-04-01 to 2017-01-28,434.75,2017-05-01 to 2017-02-28,422.53,2017-08-01 to 2017-10-28,414.69,2017-06-01 to 2017-10-28,451.52,2017-07-01 to 2017-07-28,442.26,2017-10-01 to 2017-07-28,428.16,2017-08-01 to 2017-06-28,433.93,2017-02-01 to 2017-07-28,429.69
2686528202,6749830909,2017-12-09,2018-01-01,Sarah Stewart,"554 Russell Trafficway, Gibsonbury, CA 84847",76.48,37.71,400.24,0,2,8.02,723.737418008633,4.45,0.25,0.35,1.19,18.88,484370,2018-01-01 to 2018-03-28,11932,11631,301,0.47,1.0,301.0,301.0,FALSE,,English,2017-04-01 to 2017-08-28,681.49,2017-12-01 to 2017-05-28,701.27,2017-05-01 to 2017-09-28,709.79,2017-01-01 to 2017-08-28,707.95,2017-04-01 to 2017-09-28,716.65,2017-06-01 to 2017-07-28,723.41,2017-03-01 to 2017-10-28,696.2,2017-09-01 to 2017-08-28,710.29,2017-02-01 to 2017-07-28,721.06,2017-02-01 to 2017-11-28,735.57,2017-03-01 to 2017-02-28,723.74
2792837566,6025165548,2017-04-21,2017-05-10,Jenna Trujillo,"Unit 1391 Box 6659, DPO AP 37231",10.75,-36.49,448.55,4,2,9.33,645.106309657135,9.24,0.72,0.59,0.75,18.25,368562,2018-06-01 to 2018-08-28,11710,11071,639,0.31,1.03,658.17,658.17,TRUE,28.72,English,2017-08-01 to 2017-08-28,673.13,2017-10-01 to 2017-01-28,656.16,2017-03-01 to 2017-09-28,661.78,2017-06-01 to 2017-02-28,658.58,2017-10-01 to 2017-10-28,679.17,2017-09-01 to 2017-08-28,664.18,2017-03-01 to 2017-05-28,671.19,2017-04-01 to 2017-05-28,659.36,2017-08-01 to 2017-02-28,678.82,2017-05-01 to 2017-07-28,655.16,2017-04-01 to 2017-11-28,645.11
2973964839,6673144623,2017-06-12,2017-07-25,Stephanie Ayala,"360 Wilson Centers, Lake Susanmouth, VI 53467",74.61,-20.34,208.27,4,4,10.0,646.7564592165271,8.99,1.0,0.8,0.55,11.15,712741,2018-05-01 to 2018-07-28,10468,10047,421,0.78,1.04,437.84,437.84,TRUE,1.16,Arabic,2017-10-01 to 2017-03-28,691.65,2017-04-01 to 2017-04-28,688.43,2017-08-01 to 2017-10-28,690.71,2017-11-01 to 2017-02-28,679.84,2017-12-01 to 2017-05-28,675.56,2017-04-01 to 2017-07-28,688.63,2017-09-01 to 2017-09-28,680.44,2017-06-01 to 2017-10-28,652.51,2017-04-01 to 2017-06-28,668.68,2017-05-01 to 2017-05-28,675.17,2017-11-01 to 2017-12-28,646.76
2368019275,6379491474,2017-10-10,2017-10-28,Emily Cain,"614 Vargas Shore Apt. 913, Fordburgh, GA 26957",65.36,-42.58,134.96,2,5,15.25,529.7331756227802,0.86,0.95,0.32,2.0,1.78,642281,2018-07-01 to 2018-08-28,11612,11087,525,0.84,1.03,540.75,540.75,FALSE,,English,2017-08-01 to 2017-06-28,563.76,2017-10-01 to 2017-08-28,544.95,2017-03-01 to 2017-05-28,571.97,2017-01-01 to 2017-10-28,549.07,2017-11-01 to 2017-09-28,560.4,2017-05-01 to 2017-04-28,563.35,2017-08-01 to 2017-08-28,558.81,2017-09-01 to 2017-09-28,562.38,2017-03-01 to 2017-06-28,556.85,2017-09-01 to 2017-03-28,541.24,2017-04-01 to 2017-03-28,529.73
2264162444,6425480564,2017-12-12,2018-01-17,Alyssa Gardner,"219 Vargas Tunnel Suite 512, South Hunterview, FL 36300",31.08,32.04,474.53,1,3,17.01,710.6793008140842,8.59,0.79,0.82,0.96,10.27,759017,2018-12-01 to 2018-10-28,11794,11286,508,0.01,1.09,553.72,553.72,TRUE,45.35,English,2017-06-01 to 2017-02-28,680.51,2017-08-01 to 2017-01-28,682.09,2017-03-01 to 2017-09-28,687.9,2017-08-01 to 2017-05-28,680.41,2017-01-01 to 2017-11-28,683.4,2017-12-01 to 2017-11-28,694.07,2017-08-01 to 2017-02-28,711.0,2017-04-01 to 2017-04-28,704.23,2017-05-01 to 2017-07-28,712.72,2017-06-01 to 2017-07-28,680.8,2017-06-01 to 2017-10-28,710.68
2345653966,6697639999,2017-12-15,2018-01-03,Perry Blair,"164 Gutierrez Lights, Nicolasshire, AK 20746",57.81,14.77,258.59,1,3,11.44,455.85792195874683,1.52,0.53,0.22,1.43,14.7,815291,2018-09-01 to 2018-12-28,11278,10753,525,0.41,1.07,561.75,561.75,FALSE,,Arabic,2017-03-01 to 2017-09-28,487.22,2017-04-01 to 2017-12-28,485.04,2017-05-01 to 2017-08-28,477.68,2017-05-01 to 2017-05-28,483.43,2017-04-01 to 2017-03-28,464.94,2017-08-01 to 2017-07-28,470.16,2017-04-01 to 2017-06-28,473.64,2017-08-01 to 2017-12-28,473.43,2017-02-01 to 2017-07-28,472.43,2017-06-01 to 2017-04-28,450.62,2017-05-01 to 2017-02-28,455.86
2860793226,6836807262,2017-02-01,2017-03-12,Justin Anderson,"151 Brown Views Apt. 044, New Timothy, AZ 27577",45.05,47.45,418.04,0,0,1.31,621.7063287843351,4.81,0.7,0.24,1.99,16.97,109230,2018-06-01 to 2018-10-28,10382,9922,460,0.94,1.09,501.4,501.4,TRUE,37.6,English,2017-01-01 to 2017-11-28,596.29,2017-06-01 to 2017-09-28,584.27,2017-07-01 to 2017-11-28,593.55,2017-10-01 to 2017-07-28,603.82,2017-04-01 to 2017-02-28,603.51,2017-12-01 to 2017-05-28,622.45,2017-10-01 to 2017-03-28,591.96,2017-07-01 to 2017-03-28,597.07,2017-08-01 to 2017-07-28,606.9,2017-08-01 to 2017-03-28,599.65,2017-07-01 to 2017-07-28,621.71
2094834181,6610704573,2017-06-13,2017-07-25,Tara Webb,"38440 Campbell Station Suite 150, East Christopher, AZ 78272",90.51,-47.4,169.34,4,0,19.23,465.39298499770723,2.71,0.11,0.76,1.59,9.78,508888,2018-05-01 to 2018-02-28,11106,10505,601,0.67,1.03,619.03,619.03,TRUE,32.4,English,2017-04-01 to 2017-10-28,474.93,2017-04-01 to 2017-04-28,461.41,2017-11-01 to 2017-03-28,474.71,2017-11-01 to 2017-01-28,464.43,2017-09-01 to 2017-05-28,457.7,2017-08-01 to 2017-02-28,481.2,2017-05-01 to 2017-07-28,464.52,2017-09-01 to 2017-03-28,482.37,2017-04-01 to 2017-11-28,468.54,2017-08-01 to 2017-03-28,490.69,2017-08-01 to 2017-02-28,465.39
2647718802,6232523411,2017-04-09,2017-05-14,Anne Kennedy,"467 Stevenson Lakes, Loriburgh, MN 46287",49.26,-13.55,85.03,9,1,6.24,639.3135225473983,9.92,0.16,0.4,1.81,2.89,593357,2018-12-01 to 2018-08-28,11832,11355,477,0.95,1.03,491.31,491.31,FALSE,,Arabic,2017-10-01 to 2017-07-28,683.72,2017-01-01 to 2017-11-28,671.86,2017-10-01 to 2017-12-28,659.26,2017-10-01 to 2017-11-28,670.35,2017-12-01 to 2017-12-28,664.74,2017-05-01 to 2017-05-28,662.88,2017-08-01 to 2017-09-28,668.05,2017-06-01 to 2017-05-28,646.81,2017-11-01 to 2017-07-28,654.91,2017-04-01 to 2017-01-28,650.03,2017-03-01 to 2017-09-28,639.31
2698820540,6034825734,2017-03-07,2017-03-28,Patricia Young,"54645 Clark Parkways Apt. 238, Penaburgh, FM 79498",99.12,-23.35,184.87,8,1,1.96,713.05435271376,4.61,0.29,0.46,2.0,6.75,148403,2018-10-01 to 2018-12-28,11970,11451,519,0.08,1.03,534.57,534.57,TRUE,28.72,English,2017-11-01 to 2017-01-28,699.88,2017-12-01 to 2017-09-28,705.0,2017-04-01 to 2017-08-28,694.37,2017-12-01 to 2017-04-28,691.35,2017-08-01 to 2017-10-28,709.0,2017-08-01 to 2017-07-28,701.42,2017-06-01 to 2017-02-28,718.67,2017-02-01 to 2017-05-28,707.74,2017-12-01 to 2017-06-28,692.99,2017-12-01 to 2017-05-28,704.7,2017-09-01 to 2017-04-28,713.05
2361177400,6080885532,2017-10-10,2017-11-21,Christopher Roberts,"3205 Medina Gardens, New Amandashire, ID 09226",61.35,18.22,218.6,2,0,13.44,508.0032742195608,8.47,0.51,0.25,1.62,14.97,889905,2018-05-01 to 2018-07-28,11760,11378,382,0.24,1.03,393.46,393.46,TRUE,21.92,English,2017-10-01 to 2017-11-28,557.05,2017-09-01 to 2017-06-28,563.23,2017-06-01 to 2017-01-28,568.42,2017-03-01 to 2017-06-28,548.2,2017-04-01 to 2017-10-28,538.59,2017-04-01 to 2017-11-28,543.92,2017-09-01 to 2017-09-28,540.8,2017-09-01 to 2017-01-28,533.65,2017-12-01 to 2017-04-28,526.18,2017-06-01 to 2017-12-28,522.1,2017-02-01 to 2017-11-28,508.0
2963121892,6303505271,2017-03-17,2017-04-08,Erin Mcdonald,"9646 Mckay Parkways, North Kathrynport, WI 32670",56.24,-13.07,52.22,3,4,18.82,590.5147950726221,6.66,0.87,0.35,1.49,2.86,107035,2018-10-01 to 2018-11-28,11939,11277,662,0.76,1.05,695.1,695.1,FALSE,,English,2017-01-01 to 2017-06-28,578.61,2017-11-01 to 2017-07-28,607.37,2017-10-01 to 2017-09-28,577.27,2017-10-01 to 2017-03-28,593.72,2017-04-01 to 2017-10-28,577.18,2017-03-01 to 2017-01-28,588.07,2017-10-01 to 2017-12-28,581.58,2017-07-01 to 2017-01-28,590.12,2017-07-01 to 2017-04-28,588.68,2017-06-01 to 2017-04-28,573.86,2017-09-01 to 2017-03-28,590.51
2819550299,6352735086,2017-11-12,2017-12-15,Raymond Beck,"USCGC Santiago, FPO AA 44005",50.15,-18.06,261.39,2,0,7.9,610.0782089195723,4.68,0.15,0.1,1.92,17.47,865966,2018-11-01 to 2018-11-28,10998,10363,635,0.52,1.03,654.05,654.05,FALSE,,English,2017-08-01 to 2017-07-28,655.66,2017-12-01 to 2017-09-28,653.64,2017-10-01 to 2017-04-28,635.06,2017-04-01 to 2017-02-28,649.41,2017-06-01 to 2017-08-28,636.42,2017-06-01 to 2017-04-28,641.94,2017-12-01 to 2017-02-28,626.93,2017-12-01 to 2017-12-28,633.74,2017-06-01 to 2017-08-28,642.71,2017-12-01 to 2017-02-28,651.49,2017-08-01 to 2017-04-28,610.08
2641920111,6646137179,2017-01-21,2017-02-07,Penny Herrera,"866 Melissa Knolls Suite 967, Brianabury, IA 61801",55.79,-25.29,413.95,4,2,18.53,689.5434051529563,3.07,0.87,0.9,1.72,2.38,878508,2018-12-01 to 2018-03-28,10263,9741,522,0.93,1.06,553.32,553.32,TRUE,0.38,Arabic,2017-09-01 to 2017-09-28,660.07,2017-02-01 to 2017-02-28,672.45,2017-05-01 to 2017-03-28,679.35,2017-05-01 to 2017-07-28,661.65,2017-12-01 to 2017-03-28,663.25,2017-04-01 to 2017-03-28,665.28,2017-03-01 to 2017-04-28,686.77,2017-09-01 to 2017-05-28,691.94,2017-03-01 to 2017-05-28,696.27,2017-08-01 to 2017-07-28,695.8,2017-08-01 to 2017-03-28,689.54
2202239462,6642252259,2017-06-01,2017-07-05,Tamara Beck,"11402 Simpson Court Apt. 199, Santanamouth, UT 21294",96.86,-21.63,320.32,10,0,17.45,451.3460584194306,7.59,0.9,0.26,1.6,9.72,365687,2018-02-01 to 2018-11-28,11392,10812,580,0.9,1.08,626.4,626.4,TRUE,15.7,Arabic,2017-04-01 to 2017-01-28,454.59,2017-08-01 to 2017-08-28,460.3,2017-05-01 to 2017-05-28,464.53,2017-04-01 to 2017-05-28,476.6,2017-04-01 to 2017-05-28,467.49,2017-10-01 to 2017-06-28,465.41,2017-01-01 to 2017-01-28,465.6,2017-02-01 to 2017-05-28,455.18,2017-11-01 to 2017-08-28,461.86,2017-09-01 to 2017-01-28,443.54,2017-08-01 to 2017-09-28,451.35
2648404197,6529137549,2017-11-18,2017-12-07,Michelle Watson,"64853 Robert Forest Suite 026, Brandonberg, HI 81550",33.92,11.83,368.16,4,5,19.98,693.0869845240851,3.57,0.6,0.31,1.89,8.76,356690,2018-07-01 to 2018-11-28,10402,9827,575,0.36,1.07,615.25,615.25,FALSE,,Arabic,2017-02-01 to 2017-04-28,669.42,2017-04-01 to 2017-03-28,682.87,2017-04-01 to 2017-09-28,682.46,2017-04-01 to 2017-11-28,682.66,2017-06-01 to 2017-09-28,688.3,2017-03-01 to 2017-04-28,685.23,2017-04-01 to 2017-12-28,705.34,2017-07-01 to 2017-03-28,685.66,2017-02-01 to 2017-01-28,689.15,2017-06-01 to 2017-04-28,699.2,2017-05-01 to 2017-10-28,693.09
2045696410,6403025750,2017-12-26,2018-01-18,Maria Walker,"81977 Rachel Island, Alexanderchester, MN 99949",46.56,10.05,364.83,5,3,19.2,698.534033747325,8.85,0.39,0.29,1.71,17.74,465398,2018-03-01 to 2018-04-28,10543,9887,656,0.73,1.07,701.92,701.92,TRUE,46.33,English,2017-03-01 to 2017-12-28,655.86,2017-08-01 to 2017-08-28,661.09,2017-07-01 to 2017-05-28,649.27,2017-10-01 to 2017-12-28,666.88,2017-08-01 to 2017-11-28,669.34,2017-08-01 to 2017-04-28,662.32,2017-06-01 to 2017-03-28,670.63,2017-04-01 to 2017-02-28,683.17,2017-02-01 to 2017-11-28,686.01,2017-03-01 to 2017-10-28,698.08,2017-10-01 to 2017-10-28,698.53
2920471033,6599832314,2017-12-24,2018-01-10,Marc Jordan,"2514 Peck Loaf, New Micheleside, VI 51975",6.55,-18.76,67.55,10,0,5.97,537.6328558194722,2.01,0.45,0.55,1.15,9.34,678612,2018-08-01 to 2018-08-28,11221,10885,336,0.68,1.07,359.52,359.52,TRUE,13.91,Arabic,2017-05-01 to 2017-10-28,590.99,2017-01-01 to 2017-03-28,592.73,2017-01-01 to 2017-09-28,584.86,2017-07-01 to 2017-05-28,568.8,2017-02-01 to 2017-03-28,572.5,2017-03-01 to 2017-02-28,556.43,2017-01-01 to 2017-05-28,577.7,2017-07-01 to 2017-11-28,555.34,2017-08-01 to 2017-12-28,552.01,2017-03-01 to 2017-11-28,558.39,2017-06-01 to 2017-08-28,537.63
2816585147,6427064422,2017-07-14,2017-07-29,Dana Gonzalez,"54890 Katherine Plain, South Stevenville, MP 10460",84.9,-6.4,402.15,6,5,7.24,517.5105802011071,8.14,0.94,0.16,1.76,12.76,404968,2018-03-01 to 2018-07-28,10559,10100,459,0.33,1.07,491.13,491.13,TRUE,13.7,English,2017-04-01 to 2017-08-28,456.93,2017-03-01 to 2017-04-28,470.99,2017-05-01 to 2017-10-28,461.04,2017-12-01 to 2017-02-28,487.77,2017-04-01 to 2017-09-28,469.07,2017-08-01 to 2017-12-28,477.9,2017-03-01 to 2017-09-28,478.68,2017-09-01 to 2017-02-28,493.3,2017-09-01 to 2017-03-28,486.5,2017-10-01 to 2017-09-28,512.91,2017-08-01 to 2017-12-28,517.51
2646434680,6146583262,2017-06-25,2017-07-17,Mackenzie Glover MD,"29344 Cody Tunnel, East Derrickmouth, WA 27759",84.99,-30.79,102.63,4,1,8.28,668.6340349481509,0.95,0.15,0.9,1.52,18.76,868236,2018-01-01 to 2018-07-28,10238,9554,684,0.73,1.05,718.2,718.2,FALSE,,Arabic,2017-04-01 to 2017-02-28,643.84,2017-10-01 to 2017-05-28,639.66,2017-01-01 to 2017-06-28,643.42,2017-08-01 to 2017-12-28,661.91,2017-08-01 to 2017-10-28,642.16,2017-05-01 to 2017-02-28,648.8,2017-07-01 to 2017-03-28,651.29,2017-12-01 to 2017-12-28,659.24,2017-05-01 to 2017-05-28,670.93,2017-10-01 to 2017-08-28,652.06,2017-02-01 to 2017-10-28,668.63
2034826829,6303792182,2017-12-13,2018-01-23,Victoria Kennedy,"5414 Tyler Crest Apt. 992, Torreschester, FL 76910",29.59,42.0,218.24,5,3,1.98,575.5872173583683,5.76,0.98,0.84,1.19,6.6,605066,2018-09-01 to 2018-01-28,11801,11241,560,0.55,1.04,582.4,582.4,TRUE,40.46,English,2017-06-01 to 2017-11-28,602.61,2017-11-01 to 2017-11-28,609.41,2017-06-01 to 2017-05-28,606.12,2017-08-01 to 2017-10-28,618.47,2017-08-01 to 2017-07-28,617.29,2017-12-01 to 2017-04-28,611.03,2017-07-01 to 2017-11-28,604.16,2017-02-01 to 2017-11-28,597.23,2017-03-01 to 2017-01-28,595.72,2017-07-01 to 2017-12-28,590.68,2017-07-01 to 2017-01-28,575.59
2571251428,6459235719,2017-02-01,2017-02-24,Jeanette Rogers,"78259 Stephanie Trace, Duranfurt, DC 11042",82.14,21.04,295.52,10,1,14.36,565.9468247486855,7.0,0.87,0.11,1.38,2.72,382518,2018-01-01 to 2018-10-28,10413,9920,493,0.61,1.08,532.44,532.44,TRUE,21.84,Arabic,2017-02-01 to 2017-07-28,493.94,2017-11-01 to 2017-04-28,511.82,2017-02-01 to 2017-12-28,494.08,2017-11-01 to 2017-04-28,495.31,2017-07-01 to 2017-01-28,515.67,2017-08-01 to 2017-11-28,498.89,2017-02-01 to 2017-05-28,501.6,2017-10-01 to 2017-07-28,534.67,2017-10-01 to 2017-05-28,533.42,2017-10-01 to 2017-01-28,552.9,2017-04-01 to 2017-01-28,565.95
2650514841,6933829494,2017-08-21,2017-09-25,Jonathan Sutton,"72218 Jackson Bridge, Wrightport, RI 84726",52.21,-31.76,213.38,6,2,9.97,546.0732835551024,1.37,0.5,0.68,1.2,4.13,951672,2018-11-01 to 2018-06-28,10842,10251,591,0.41,1.07,632.37,632.37,FALSE,,English,2017-03-01 to 2017-03-28,521.81,2017-09-01 to 2017-12-28,527.89,2017-10-01 to 2017-10-28,540.92,2017-12-01 to 2017-01-28,526.64,2017-04-01 to 2017-06-28,546.28,2017-05-01 to 2017-09-28,537.2,2017-08-01 to 2017-09-28,547.84,2017-06-01 to 2017-09-28,528.69,2017-03-01 to 2017-02-28,529.39,2017-03-01 to 2017-10-28,538.66,2017-07-01 to 2017-01-28,546.07
2270277679,6373933914,2017-08-01,2017-08-17,Douglas Baker,"0603 Amber Creek, Rachelburgh, CO 10545",16.2,-33.77,72.18,8,2,17.6,640.146263861886,0.93,0.12,0.76,1.29,17.21,959276,2018-04-01 to 2018-04-28,11895,11299,596,0.28,1.06,631.76,631.76,TRUE,3.13,Arabic,2017-06-01 to 2017-09-28,598.76,2017-02-01 to 2017-03-28,593.31,2017-01-01 to 2017-07-28,606.14,2017-07-01 to 2017-07-28,581.26,2017-07-01 to 2017-03-28,598.07,2017-12-01 to 2017-10-28,605.72,2017-01-01 to 2017-04-28,620.07,2017-08-01 to 2017-12-28,620.77,2017-10-01 to 2017-10-28,616.16,2017-05-01 to 2017-05-28,616.98,2017-11-01 to 2017-05-28,640.15
2153466091,6570395369,2017-02-18,2017-03-13,Karen Lopez,"4875 Ford Ville Suite 459, Liport, IL 28548",46.69,29.09,489.02,9,1,18.65,472.0072012952204,0.92,0.74,0.94,1.97,12.33,261584,2018-07-01 to 2018-03-28,10174,9665,509,0.93,1.09,554.81,554.81,FALSE,,Arabic,2017-01-01 to 2017-07-28,473.98,2017-07-01 to 2017-10-28,470.58,2017-08-01 to 2017-08-28,472.11,2017-09-01 to 2017-07-28,458.02,2017-09-01 to 2017-05-28,491.47,2017-05-01 to 2017-12-28,493.35,2017-04-01 to 2017-09-28,489.11,2017-10-01 to 2017-12-28,472.86,2017-11-01 to 2017-07-28,493.85,2017-03-01 to 2017-08-28,469.03,2017-12-01 to 2017-04-28,472.01
2400674682,6501075388,2017-04-05,2017-05-14,Elizabeth Wilkinson,"461 William Isle Apt. 933, South Theresaland, ME 42517",49.98,-13.15,307.92,6,4,16.12,518.037327428281,4.67,0.36,0.79,0.62,17.13,731459,2018-10-01 to 2018-08-28,10331,9814,517,0.23,1.03,532.51,532.51,TRUE,13.62,English,2017-09-01 to 2017-03-28,536.3,2017-08-01 to 2017-11-28,547.46,2017-05-01 to 2017-04-28,531.93,2017-05-01 to 2017-10-28,550.79,2017-08-01 to 2017-06-28,549.34,2017-07-01 to 2017-07-28,513.99,2017-12-01 to 2017-08-28,545.85,2017-01-01 to 2017-09-28,515.27,2017-12-01 to 2017-02-28,532.5,2017-11-01 to 2017-09-28,527.52,2017-12-01 to 2017-05-28,518.04
2797313770,6350202779,2017-07-06,2017-08-19,Mr. Daniel Acevedo Jr.,"Unit 6091 Box 6529, DPO AA 29878",23.87,-46.97,474.0,0,1,15.56,442.5776833990983,0.5,0.64,0.72,1.67,14.17,897897,2018-10-01 to 2018-12-28,11401,10779,622,0.52,1.04,646.88,646.88,TRUE,44.96,English,2017-02-01 to 2017-07-28,475.75,2017-01-01 to 2017-03-28,462.47,2017-11-01 to 2017-04-28,476.53,2017-11-01 to 2017-07-28,474.38,2017-10-01 to 2017-11-28,458.11,2017-07-01 to 2017-05-28,477.25,2017-09-01 to 2017-04-28,453.78,2017-11-01 to 2017-03-28,457.64,2017-01-01 to 2017-12-28,457.13,2017-01-01 to 2017-09-28,445.74,2017-09-01 to 2017-10-28,442.58
2404224142,6848735716,2017-10-21,2017-11-21,Nicholas Adams,"294 Strickland Freeway Suite 834, Matthewmouth, DC 98385",80.4,6.39,363.1,8,5,16.95,714.2095608613752,2.39,0.32,0.58,0.89,17.86,324367,2018-08-01 to 2018-11-28,10672,10138,534,0.39,1.08,576.72,576.72,TRUE,23.19,Arabic,2017-02-01 to 2017-02-28,675.24,2017-01-01 to 2017-06-28,664.86,2017-09-01 to 2017-05-28,683.18,2017-05-01 to 2017-07-28,693.08,2017-12-01 to 2017-01-28,689.69,2017-12-01 to 2017-02-28,695.57,2017-02-01 to 2017-07-28,697.46,2017-04-01 to 2017-09-28,711.16,2017-10-01 to 2017-12-28,715.36,2017-07-01 to 2017-10-28,721.53,2017-02-01 to 2017-02-28,714.21
2388613436,6455880479,2017-09-27,2017-11-09,Alexander Williams,"882 Lawson Green Suite 570, West Samuelfort, HI 13509",99.2,48.41,495.77,3,4,10.31,438.9334911316486,2.27,0.5,0.56,1.45,8.95,881838,2018-11-01 to 2018-08-28,11732,11367,365,0.76,1.03,375.95,375.95,TRUE,40.7,English,2017-03-01 to 2017-09-28,397.2,2017-10-01 to 2017-03-28,387.52,2017-08-01 to 2017-04-28,414.66,2017-05-01 to 2017-02-28,415.76,2017-03-01 to 2017-01-28,420.63,2017-02-01 to 2017-02-28,416.7,2017-11-01 to 2017-12-28,425.43,2017-12-01 to 2017-05-28,403.91,2017-07-01 to 2017-05-28,435.95,2017-05-01 to 2017-06-28,423.97,2017-04-01 to 2017-02-28,438.93
2242805764,6792162622,2017-02-25,2017-04-04,Eric Wade,"993 Theresa Isle Apt. 410, Kevinfort, GU 60889",77.01,-40.42,86.0,3,4,5.92,664.2238408002543,4.81,0.12,0.5,0.57,17.27,181266,2018-11-01 to 2018-10-28,11379,10797,582,0.08,1.02,593.64,593.64,FALSE,,Arabic,2017-10-01 to 2017-12-28,672.15,2017-06-01 to 2017-01-28,675.16,2017-01-01 to 2017-01-28,661.78,2017-11-01 to 2017-09-28,683.33,2017-06-01 to 2017-01-28,662.24,2017-02-01 to 2017-04-28,658.52,2017-08-01 to 2017-11-28,680.69,2017-01-01 to 2017-06-28,680.28,2017-04-01 to 2017-01-28,666.06,2017-09-01 to 2017-12-28,671.38,2017-06-01 to 2017-10-28,664.22
2541662709,6575329802,2017-08-02,2017-08-31,Gregory Gonzalez,"3904 Romero Isle Apt. 571, New Amy, VT 85802",53.89,8.67,163.18,7,2,4.93,465.8050831964891,6.62,0.1,0.71,1.04,13.07,572900,2018-10-01 to 2018-10-28,10360,9987,373,0.53,1.09,406.57,406.57,FALSE,,Arabic,2017-06-01 to 2017-09-28,497.24,2017-03-01 to 2017-09-28,489.46,2017-01-01 to 2017-02-28,516.34,2017-05-01 to 2017-10-28,498.23,2017-06-01 to 2017-08-28,494.27,2017-10-01 to 2017-07-28,496.86,2017-03-01 to 2017-03-28,480.73,2017-11-01 to 2017-01-28,467.91,2017-02-01 to 2017-09-28,450.06,2017-07-01 to 2017-03-28,461.34,2017-08-01 to 2017-03-28,465.81
2838721852,6926168116,2017-06-21,2017-08-05,Laurie Park,"149 Katelyn Well Apt. 062, South Laurafort, RI 27217",93.8,-0.04,109.63,9,4,3.98,585.5117463086915,2.01,0.42,1.0,1.55,4.59,932319,2018-10-01 to 2018-09-28,10657,10070,587,0.01,1.09,639.83,639.83,TRUE,1.67,Arabic,2017-01-01 to 2017-11-28,578.4,2017-03-01 to 2017-05-28,584.53,2017-06-01 to 2017-12-28,575.8,2017-05-01 to 2017-08-28,590.27,2017-08-01 to 2017-08-28,597.29,2017-10-01 to 2017-06-28,577.66,2017-12-01 to 2017-08-28,580.24,2017-01-01 to 2017-10-28,577.92,2017-12-01 to 2017-05-28,599.55,2017-06-01 to 2017-03-28,581.57,2017-01-01 to 2017-01-28,585.51
2994281326,6405996907,2017-08-04,2017-09-10,Pamela James,"1280 Michelle Locks, Reedbury, MH 58916",69.58,-34.2,464.98,2,4,19.17,644.9902043807136,9.22,0.61,0.64,1.52,15.86,915632,2018-04-01 to 2018-09-28,10152,9474,678,0.98,1.07,725.46,725.46,FALSE,,Arabic,2017-01-01 to 2017-05-28,662.19,2017-11-01 to 2017-05-28,651.43,2017-11-01 to 2017-07-28,654.15,2017-11-01 to 2017-04-28,652.28,2017-11-01 to 2017-07-28,647.3,2017-01-01 to 2017-02-28,650.44,2017-12-01 to 2017-09-28,656.68,2017-02-01 to 2017-10-28,655.51,2017-08-01 to 2017-07-28,637.23,2017-11-01 to 2017-08-28,629.47,2017-05-01 to 2017-12-28,644.99
2878712164,6645259698,2017-06-03,2017-07-15,Mark Hernandez,"68273 Logan Islands Apt. 656, West Taylor, FL 01651",78.37,40.86,181.51,10,5,11.58,448.2099032392089,6.37,0.96,0.21,1.98,11.66,616079,2018-07-01 to 2018-04-28,11282,10836,446,0.79,1.07,477.22,477.22,FALSE,,English,2017-08-01 to 2017-12-28,440.4,2017-09-01 to 2017-11-28,413.33,2017-03-01 to 2017-01-28,419.01,2017-05-01 to 2017-05-28,437.06,2017-09-01 to 2017-11-28,440.96,2017-03-01 to 2017-11-28,436.5,2017-11-01 to 2017-08-28,431.86,2017-01-01 to 2017-12-28,418.54,2017-07-01 to 2017-02-28,442.32,2017-04-01 to 2017-10-28,451.26,2017-07-01 to 2017-07-28,448.21
2075296501,6060372253,2017-01-21,2017-02-21,John Villarreal,"987 Michael Center Apt. 207, Gutierreztown, KY 49927",99.95,-45.72,344.28,8,2,0.15,628.034385347546,7.08,0.61,0.21,0.86,7.41,452823,2018-02-01 to 2018-11-28,10719,10374,345,0.24,1.06,365.7,365.7,FALSE,,English,2017-12-01 to 2017-08-28,624.93,2017-03-01 to 2017-08-28,625.61,2017-09-01 to 2017-12-28,614.62,2017-09-01 to 2017-02-28,610.39,2017-03-01 to 2017-11-28,623.19,2017-01-01 to 2017-04-28,595.76,2017-05-01 to 2017-12-28,618.48,2017-02-01 to 2017-12-28,617.75,2017-04-01 to 2017-04-28,631.69,2017-03-01 to 2017-10-28,621.66,2017-08-01 to 2017-05-28,628.03
2784415113,6864036589,2017-03-28,2017-05-05,Luis Williams,"6640 Jose Coves Apt. 551, New Kurtfurt, FL 20893",51.42,-36.83,458.92,10,3,18.19,696.3095765282208,3.99,0.85,0.8,1.52,3.79,136436,2018-10-01 to 2018-05-28,11704,11335,369,0.25,1.09,402.21,402.21,TRUE,20.98,English,2017-11-01 to 2017-04-28,677.48,2017-07-01 to 2017-05-28,685.64,2017-08-01 to 2017-07-28,655.68,2017-10-01 to 2017-01-28,677.93,2017-07-01 to 2017-09-28,677.09,2017-02-01 to 2017-12-28,693.61,2017-05-01 to 2017-11-28,706.46,2017-04-01 to 2017-09-28,713.22,2017-08-01 to 2017-11-28,682.08,2017-05-01 to 2017-11-28,726.8,2017-03-01 to 2017-03-28,696.31
2419860562,6307894770,2017-08-04,2017-08-25,Denise Nelson,"0194 Phillips Corners Apt. 939, Edwardstad, NE 63352",69.76,44.02,309.25,8,4,7.29,458.29458072411063,7.29,0.31,0.27,0.58,2.75,140583,2018-11-01 to 2018-03-28,11895,11593,302,0.14,1.06,320.12,320.12,FALSE,,Arabic,2017-09-01 to 2017-10-28,524.94,2017-05-01 to 2017-04-28,513.86,2017-07-01 to 2017-08-28,505.85,2017-03-01 to 2017-06-28,507.89,2017-06-01 to 2017-06-28,499.5,2017-01-01 to 2017-06-28,501.59,2017-10-01 to 2017-05-28,477.35,2017-04-01 to 2017-02-28,483.98,2017-12-01 to 2017-01-28,477.15,2017-12-01 to 2017-05-28,471.07,2017-06-01 to 2017-06-28,458.29
2735265219,6594834850,2017-12-07,2017-12-23,David Leblanc,"54597 Walker Isle, Baileyshire, NE 29362",0.88,32.4,494.51,6,4,19.52,709.4663451911997,7.53,0.42,0.1,0.73,7.24,536025,2018-03-01 to 2018-03-28,11767,11320,447,0.15,1.03,460.41,460.41,FALSE,,English,2017-07-01 to 2017-08-28,663.69,2017-09-01 to 2017-05-28,666.47,2017-05-01 to 2017-12-28,674.74,2017-09-01 to 2017-12-28,680.42,2017-08-01 to 2017-05-28,673.99,2017-07-01 to 2017-04-28,676.64,2017-12-01 to 2017-07-28,679.19,2017-09-01 to 2017-11-28,691.86,2017-08-01 to 2017-01-28,707.78,2017-08-01 to 2017-01-28,680.63,2017-07-01 to 2017-06-28,709.47
2220282201,6155729949,2017-06-09,2017-07-12,Danielle King,"9201 Lauren Centers, Gabrielview, PR 06240",4.55,45.43,290.5,9,3,13.42,729.2011036562434,2.95,0.18,0.22,0.64,9.02,514919,2018-11-01 to 2018-10-28,11437,10965,472,0.22,1.07,505.04,505.04,TRUE,3.01,Arabic,2017-03-01 to 2017-05-28,659.53,2017-03-01 to 2017-08-28,701.98,2017-05-01 to 2017-11-28,675.18,2017-11-01 to 2017-03-28,696.54,2017-05-01 to 2017-07-28,710.7,2017-05-01 to 2017-12-28,723.56,2017-11-01 to 2017-11-28,694.89,2017-02-01 to 2017-05-28,705.9,2017-01-01 to 2017-12-28,708.83,2017-07-01 to 2017-03-28,726.13,2017-04-01 to 2017-08-28,729.2
2442674278,6239639281,2017-04-22,2017-06-02,Amanda Donovan,"50629 Nguyen Shore Suite 377, Anthonyshire, MT 46672",6.53,9.52,185.87,2,4,3.81,558.1156536966959,3.01,0.39,0.43,0.74,9.74,601486,2018-06-01 to 2018-06-28,11951,11540,411,0.5,1.09,447.99,447.99,FALSE,,Arabic,2017-07-01 to 2017-04-28,482.82,2017-01-01 to 2017-11-28,493.85,2017-03-01 to 2017-05-28,506.94,2017-12-01 to 2017-07-28,500.47,2017-04-01 to 2017-02-28,504.87,2017-10-01 to 2017-12-28,502.78,2017-11-01 to 2017-05-28,533.58,2017-01-01 to 2017-02-28,521.28,2017-11-01 to 2017-12-28,521.39,2017-09-01 to 2017-09-28,528.69,2017-05-01 to 2017-04-28,558.12
2194712935,6950674455,2017-12-03,2018-01-09,Anna Carr,"629 Molly Creek Suite 980, South Chadmouth, ND 84402",26.44,-25.08,458.97,2,4,10.81,644.2744484559173,1.27,0.26,0.28,1.59,12.79,309061,2018-01-01 to 2018-04-28,10177,9827,350,0.81,1.07,374.5,374.5,TRUE,17.89,Arabic,2017-04-01 to 2017-01-28,672.3,2017-02-01 to 2017-09-28,676.24,2017-04-01 to 2017-12-28,657.94,2017-10-01 to 2017-03-28,644.08,2017-07-01 to 2017-06-28,667.52,2017-09-01 to 2017-04-28,646.48,2017-11-01 to 2017-01-28,647.72,2017-12-01 to 2017-11-28,648.1,2017-05-01 to 2017-01-28,646.58,2017-09-01 to 2017-07-28,631.48,2017-01-01 to 2017-09-28,644.27
2068108471,6803714639,2017-01-16,2017-02-03,Michael Kirby,"877 Peterson Burgs, Nunezborough, GA 10698",90.49,40.43,296.61,5,5,15.05,702.6092756481972,8.94,0.49,0.51,1.5,15.52,912556,2018-03-01 to 2018-06-28,11104,10621,483,0.9,1.1,531.3,531.3,TRUE,49.53,English,2017-11-01 to 2017-03-28,663.36,2017-05-01 to 2017-03-28,667.48,2017-07-01 to 2017-08-28,650.67,2017-09-01 to 2017-06-28,687.34,2017-09-01 to 2017-05-28,681.18,2017-10-01 to 2017-07-28,687.38,2017-11-01 to 2017-05-28,714.73,2017-08-01 to 2017-01-28,701.77,2017-02-01 to 2017-02-28,700.31,2017-06-01 to 2017-12-28,721.42,2017-05-01 to 2017-11-28,702.61
2674260159,6956684984,2017-10-26,2017-11-14,Frances Wheeler,"429 Timothy Prairie Apt. 630, Travisfurt, NE 82882",2.4,-19.19,93.77,9,1,8.99,411.28255782338454,3.71,0.89,0.98,0.56,7.62,218797,2018-11-01 to 2018-04-28,10414,10027,387,0.96,1.07,414.09,414.09,FALSE,,Arabic,2017-07-01 to 2017-07-28,447.4,2017-12-01 to 2017-12-28,439.27,2017-05-01 to 2017-07-28,416.66,2017-02-01 to 2017-10-28,431.12,2017-08-01 to 2017-07-28,444.03,2017-05-01 to 2017-04-28,425.65,2017-07-01 to 2017-07-28,419.25,2017-03-01 to 2017-07-28,425.98,2017-09-01 to 2017-05-28,408.99,2017-02-01 to 2017-09-28,425.58,2017-05-01 to 2017-07-28,411.28
2587943455,6344450689,2017-02-01,2017-03-14,Richard Robinson,"1777 Emily Mission Apt. 214, Cooperborough, NE 04006",47.41,-13.97,408.41,8,3,2.16,707.5845235191304,5.21,0.91,0.64,1.97,14.38,838699,2018-10-01 to 2018-07-28,10573,10040,533,0.59,1.09,580.97,580.97,FALSE,,Arabic,2017-03-01 to 2017-04-28,699.35,2017-07-01 to 2017-08-28,706.55,2017-05-01 to 2017-03-28,699.36,2017-02-01 to 2017-12-28,688.88,2017-03-01 to 2017-09-28,705.14,2017-12-01 to 2017-08-28,703.42,2017-06-01 to 2017-06-28,711.55,2017-11-01 to 2017-01-28,723.2,2017-10-01 to 2017-11-28,706.25,2017-10-01 to 2017-03-28,713.83,2017-11-01 to 2017-10-28,707.58
2068521458,6840051350,2017-08-22,2017-09-14,Penny Mitchell,"44915 Deborah Island, East Raymond, HI 09002",7.79,-11.88,282.77,0,2,13.72,438.64217873844507,7.3,0.8,0.1,0.97,8.93,878967,2018-06-01 to 2018-03-28,10897,10479,418,0.75,1.04,434.72,434.72,FALSE,,English,2017-03-01 to 2017-04-28,426.64,2017-01-01 to 2017-11-28,406.28,2017-10-01 to 2017-01-28,431.59,2017-04-01 to 2017-11-28,426.07,2017-05-01 to 2017-05-28,438.29,2017-08-01 to 2017-09-28,435.22,2017-09-01 to 2017-01-28,418.99,2017-03-01 to 2017-02-28,437.54,2017-10-01 to 2017-01-28,422.49,2017-07-01 to 2017-08-28,418.89,2017-05-01 to 2017-09-28,438.64
2501392756,6946130771,2017-08-03,2017-09-03,Joseph Wilson,"887 Susan Valleys Suite 104, Scottland, DE 79743",74.16,-26.27,231.31,3,1,0.51,527.5387654985915,9.56,0.89,0.65,1.73,2.52,730155,2018-08-01 to 2018-06-28,11682,11121,561,0.29,1.1,617.1,617.1,TRUE,16.6,Arabic,2017-10-01 to 2017-01-28,568.65,2017-06-01 to 2017-11-28,556.6,2017-09-01 to 2017-02-28,573.17,2017-02-01 to 2017-09-28,554.69,2017-01-01 to 2017-05-28,555.88,2017-09-01 to 2017-06-28,541.53,2017-02-01 to 2017-10-28,543.69,2017-03-01 to 2017-04-28,525.71,2017-02-01 to 2017-08-28,514.51,2017-06-01 to 2017-05-28,514.89,2017-05-01 to 2017-06-28,527.54
2659456962,6306326892,2017-06-14,2017-07-27,Katie Jackson,"488 Brenda Plains Suite 219, North Robertfort, WA 21408",45.67,29.69,192.76,2,3,17.93,515.8987958400645,3.3,0.74,0.61,1.38,10.8,832922,2018-04-01 to 2018-05-28,11560,11130,430,0.8,1.05,451.5,451.5,FALSE,,English,2017-03-01 to 2017-11-28,499.9,2017-11-01 to 2017-09-28,499.94,2017-06-01 to 2017-08-28,510.36,2017-08-01 to 2017-02-28,513.07,2017-01-01 to 2017-04-28,498.46,2017-01-01 to 2017-10-28,499.57,2017-08-01 to 2017-09-28,520.99,2017-05-01 to 2017-11-28,521.91,2017-09-01 to 2017-08-28,529.33,2017-05-01 to 2017-01-28,517.07,2017-10-01 to 2017-10-28,515.9
2166980451,6924485649,2017-08-11,2017-08-27,Glenda Dominguez,"650 Brennan Grove Apt. 877, West Tammyborough, ID 67313",30.9,5.38,345.53,9,1,18.9,561.8766964677836,7.69,0.78,0.98,1.67,13.89,175415,2018-09-01 to 2018-07-28,10897,10357,540,0.08,1.06,572.4,572.4,TRUE,12.84,English,2017-10-01 to 2017-04-28,567.83,2017-01-01 to 2017-03-28,551.76,2017-04-01 to 2017-08-28,585.44,2017-05-01 to 2017-05-28,578.82,2017-07-01 to 2017-02-28,578.86,2017-09-01 to 2017-01-28,576.81,2017-07-01 to 2017-04-28,585.27,2017-07-01 to 2017-02-28,567.77,2017-08-01 to 2017-07-28,584.04,2017-05-01 to 2017-07-28,579.11,2017-04-01 to 2017-07-28,561.88
2689632672,6337976176,2017-12-08,2018-01-14,Amanda Moyer,"40385 Hector Mountain Apt. 402, Leeton, SC 87991",17.76,-28.98,413.04,3,2,12.6,409.3076208290971,9.27,0.67,0.12,1.13,19.43,832294,2018-12-01 to 2018-11-28,10046,9457,589,0.25,1.05,618.45,618.45,TRUE,39.61,Arabic,2017-01-01 to 2017-10-28,408.45,2017-02-01 to 2017-03-28,419.12,2017-04-01 to 2017-12-28,416.03,2017-05-01 to 2017-06-28,394.56,2017-05-01 to 2017-05-28,376.97,2017-07-01 to 2017-12-28,401.56,2017-12-01 to 2017-11-28,400.29,2017-10-01 to 2017-08-28,398.87,2017-04-01 to 2017-04-28,398.63,2017-08-01 to 2017-07-28,396.59,2017-06-01 to 2017-12-28,409.31
2805536446,6239489214,2017-11-18,2017-12-29,Patrick Smith,"USNV Robinson, FPO AA 02565",64.05,3.02,217.15,4,0,2.65,513.5648426507432,4.89,0.18,0.68,1.04,13.48,849703,2018-05-01 to 2018-11-28,10375,9940,435,0.53,1.07,465.45,465.45,TRUE,39.51,Arabic,2017-12-01 to 2017-11-28,496.08,2017-03-01 to 2017-06-28,489.2,2017-08-01 to 2017-12-28,504.29,2017-05-01 to 2017-12-28,496.61,2017-07-01 to 2017-04-28,478.25,2017-11-01 to 2017-09-28,513.14,2017-12-01 to 2017-09-28,517.27,2017-12-01 to 2017-08-28,512.35,2017-08-01 to 2017-07-28,510.8,2017-09-01 to 2017-02-28,515.11,2017-06-01 to 2017-06-28,513.56
2280849596,6112749454,2017-03-13,2017-04-01,Benjamin Spence,"784 Kendra Corner, Lake Janeview, NJ 95072",87.48,-24.58,109.93,8,2,13.51,600.0470381888787,4.78,0.27,0.76,1.44,16.3,520205,2018-04-01 to 2018-09-28,10984,10646,338,0.31,1.09,368.42,368.42,TRUE,32.28,English,2017-05-01 to 2017-11-28,621.75,2017-02-01 to 2017-09-28,619.18,2017-07-01 to 2017-06-28,603.86,2017-08-01 to 2017-08-28,609.02,2017-07-01 to 2017-11-28,612.31,2017-06-01 to 2017-05-28,611.69,2017-02-01 to 2017-09-28,624.19,2017-01-01 to 2017-09-28,602.65,2017-12-01 to 2017-09-28,597.44,2017-12-01 to 2017-12-28,586.61,2017-07-01 to 2017-08-28,600.05
2416111498,6487791282,2017-04-15,2017-05-09,Aaron Carlson,"402 Kelly Circles, Johnsonberg, NV 14836",81.57,-15.27,130.57,10,0,16.8,690.0656527484867,4.37,0.19,0.5,1.43,11.95,711323,2018-07-01 to 2018-02-28,11317,10926,391,0.04,1.1,430.1,430.1,TRUE,13.26,Arabic,2017-03-01 to 2017-11-28,691.99,2017-02-01 to 2017-08-28,683.17,2017-04-01 to 2017-01-28,689.0,2017-01-01 to 2017-07-28,700.59,2017-02-01 to 2017-03-28,684.83,2017-04-01 to 2017-01-28,690.91,2017-02-01 to 2017-07-28,703.73,2017-01-01 to 2017-11-28,689.5,2017-09-01 to 2017-12-28,694.22,2017-02-01 to 2017-03-28,691.94,2017-02-01 to 2017-09-28,690.07
2426291093,6226243831,2017-12-14,2018-01-21,Zachary Winters,"4008 Jesse Ramp, Lake Garrettland, NH 23863",71.17,-26.26,204.89,10,2,9.95,622.4409665475262,1.54,0.53,0.22,1.25,3.68,357209,2018-12-01 to 2018-09-28,10762,10168,594,0.82,1.0,594.0,594.0,TRUE,4.28,English,2017-02-01 to 2017-02-28,573.55,2017-04-01 to 2017-09-28,591.2,2017-06-01 to 2017-07-28,600.3,2017-04-01 to 2017-05-28,599.5,2017-08-01 to 2017-07-28,597.79,2017-11-01 to 2017-11-28,610.51,2017-06-01 to 2017-05-28,621.05,2017-09-01 to 2017-01-28,617.59,2017-01-01 to 2017-08-28,610.52,2017-11-01 to 2017-06-28,611.06,2017-11-01 to 2017-05-28,622.44
2207721531,6561570967,2017-02-16,2017-03-25,Alexis Ellis,"85212 Kimberly View, Lake Jamie, VT 86651",45.5,-21.65,313.59,3,4,1.27,693.3848348980254,3.26,0.76,0.9,1.48,14.14,784108,2018-07-01 to 2018-08-28,10152,9712,440,0.58,1.09,479.6,479.6,TRUE,8.94,English,2017-12-01 to 2017-09-28,664.97,2017-06-01 to 2017-11-28,676.96,2017-11-01 to 2017-08-28,690.28,2017-05-01 to 2017-03-28,660.52,2017-12-01 to 2017-08-28,668.92,2017-01-01 to 2017-08-28,677.6,2017-04-01 to 2017-02-28,673.84,2017-03-01 to 2017-05-28,681.46,2017-06-01 to 2017-11-28,684.6,2017-04-01 to 2017-02-28,680.9,2017-03-01 to 2017-02-28,693.38
2269326328,6710639720,2017-08-19,2017-09-07,Eric Jones,"4198 Campbell Views, Smithfurt, PA 72764",85.18,0.39,130.07,1,5,2.03,499.7436690441654,9.41,0.48,0.86,1.36,2.58,396068,2018-02-01 to 2018-07-28,11198,10507,691,0.08,1.08,746.28,746.28,FALSE,,Arabic,2017-07-01 to 2017-09-28,508.04,2017-08-01 to 2017-03-28,499.28,2017-09-01 to 2017-10-28,499.68,2017-04-01 to 2017-08-28,473.38,2017-04-01 to 2017-10-28,489.92,2017-05-01 to 2017-03-28,495.02,2017-01-01 to 2017-02-28,488.78,2017-06-01 to 2017-05-28,502.54,2017-06-01 to 2017-10-28,466.95,2017-07-01 to 2017-03-28,490.02,2017-09-01 to 2017-08-28,499.74
2206573844,6906137993,2017-02-21,2017-03-25,Jason Alexander,"936 Nelson Views Suite 270, Nicoleberg, PA 33089",86.87,5.13,387.75,3,3,5.62,426.18586133724193,1.3,0.66,0.32,1.59,5.58,141974,2018-11-01 to 2018-01-28,11903,11400,503,0.87,1.05,528.15,528.15,FALSE,,English,2017-03-01 to 2017-10-28,425.94,2017-11-01 to 2017-01-28,439.54,2017-01-01 to 2017-11-28,407.9,2017-06-01 to 2017-09-28,422.27,2017-03-01 to 2017-10-28,435.34,2017-07-01 to 2017-08-28,428.84,2017-10-01 to 2017-07-28,409.93,2017-08-01 to 2017-05-28,421.08,2017-02-01 to 2017-06-28,412.82,2017-09-01 to 2017-06-28,418.37,2017-08-01 to 2017-11-28,426.19
2515656103,6124116556,2017-01-13,2017-02-15,Richard Smith,"616 Matthew Tunnel, Yangmouth, IA 20621",37.92,35.61,112.2,4,0,14.37,586.2535824245884,4.11,0.76,0.52,1.95,1.08,389897,2018-08-01 to 2018-06-28,11500,11159,341,0.25,1.1,375.1,375.1,FALSE,,English,2017-05-01 to 2017-01-28,587.65,2017-08-01 to 2017-05-28,588.99,2017-08-01 to 2017-09-28,601.59,2017-06-01 to 2017-09-28,595.35,2017-09-01 to 2017-05-28,606.03,2017-09-01 to 2017-07-28,581.31,2017-01-01 to 2017-07-28,603.04,2017-06-01 to 2017-06-28,596.6,2017-08-01 to 2017-06-28,579.53,2017-02-01 to 2017-04-28,594.17,2017-07-01 to 2017-10-28,586.25
2580832845,6687054521,2017-11-02,2017-12-04,Shannon Smith,"473 Hill Isle Apt. 592, Adkinsburgh, OK 84883",62.59,-38.34,364.22,9,2,12.97,520.8402210426763,4.18,0.59,0.55,0.57,10.48,619463,2018-06-01 to 2018-02-28,10936,10522,414,0.63,1.05,434.7,434.7,TRUE,15.29,Arabic,2017-10-01 to 2017-09-28,534.33,2017-01-01 to 2017-07-28,515.17,2017-06-01 to 2017-11-28,538.67,2017-06-01 to 2017-10-28,516.14,2017-12-01 to 2017-10-28,510.68,2017-09-01 to 2017-08-28,510.62,2017-06-01 to 2017-05-28,521.91,2017-12-01 to 2017-10-28,515.98,2017-02-01 to 2017-04-28,512.05,2017-11-01 to 2017-06-28,528.03,2017-11-01 to 2017-12-28,520.84
2592461789,6210792379,2017-06-14,2017-07-05,Tammy Pope,"USNS Shepherd, FPO AE 40460",53.04,-30.96,200.28,2,4,0.56,573.2856619670616,8.4,0.12,0.69,1.58,16.34,517512,2018-05-01 to 2018-06-28,11982,11658,324,0.45,1.01,327.24,327.24,TRUE,5.62,English,2017-01-01 to 2017-12-28,622.43,2017-07-01 to 2017-08-28,600.0,2017-10-01 to 2017-08-28,626.38,2017-08-01 to 2017-12-28,612.65,2017-01-01 to 2017-06-28,577.18,2017-06-01 to 2017-04-28,602.76,2017-07-01 to 2017-08-28,583.47,2017-11-01 to 2017-09-28,573.63,2017-07-01 to 2017-09-28,581.38,2017-11-01 to 2017-09-28,553.06,2017-06-01 to 2017-10-28,573.29
2912090026,6653449206,2017-03-17,2017-04-05,Andrea Barnes,"51586 James Falls, North John, CO 24705",58.79,-13.5,260.77,3,1,6.14,565.2840025514445,5.28,0.16,0.71,1.81,1.33,106073,2018-05-01 to 2018-03-28,11322,10904,418,0.74,1.06,443.08,443.08,FALSE,,Arabic,2017-08-01 to 2017-05-28,602.18,2017-01-01 to 2017-05-28,590.38,2017-12-01 to 2017-05-28,587.33,2017-08-01 to 2017-01-28,579.57,2017-05-01 to 2017-09-28,564.0,2017-02-01 to 2017-09-28,582.52,2017-09-01 to 2017-09-28,559.99,2017-04-01 to 2017-12-28,559.21,2017-02-01 to 2017-07-28,586.93,2017-05-01 to 2017-09-28,566.43,2017-04-01 to 2017-09-28,565.28
2461543906,6477922659,2017-06-19,2017-07-12,William Cameron,"Unit 6673 Box 0934, DPO AE 07672",17.18,39.33,452.55,4,4,15.84,527.6204562020652,7.93,0.54,0.99,1.24,1.43,784990,2018-07-01 to 2018-05-28,11695,11266,429,0.41,1.07,459.03,459.03,TRUE,40.16,English,2017-06-01 to 2017-10-28,535.61,2017-12-01 to 2017-02-28,513.46,2017-04-01 to 2017-09-28,534.64,2017-09-01 to 2017-04-28,534.4,2017-11-01 to 2017-03-28,530.63,2017-03-01 to 2017-04-28,533.0,2017-03-01 to 2017-06-28,527.54,2017-02-01 to 2017-01-28,525.54,2017-09-01 to 2017-06-28,528.34,2017-11-01 to 2017-04-28,526.12,2017-09-01 to 2017-05-28,527.62
2620839507,6689754288,2017-11-01,2017-11-27,Christopher Love,"15726 Martinez Orchard Suite 937, Lynnbury, MD 97635",89.34,7.33,272.38,8,3,17.68,450.44068284106,1.62,0.4,0.22,0.87,15.61,922428,2018-03-01 to 2018-08-28,11937,11345,592,0.8,1.06,627.52,627.52,FALSE,,English,2017-09-01 to 2017-04-28,421.04,2017-10-01 to 2017-02-28,419.95,2017-12-01 to 2017-03-28,404.98,2017-01-01 to 2017-09-28,430.62,2017-10-01 to 2017-03-28,436.73,2017-08-01 to 2017-02-28,445.98,2017-12-01 to 2017-04-28,431.92,2017-07-01 to 2017-02-28,440.24,2017-06-01 to 2017-09-28,430.11,2017-05-01 to 2017-11-28,435.48,2017-11-01 to 2017-02-28,450.44
2236681418,6624913026,2017-05-13,2017-05-28,Bill Clark,"09290 Mikayla Extensions Apt. 610, Garyview, KS 84132",85.55,-0.9,403.92,4,2,12.82,393.4685171050229,8.69,0.95,0.7,1.19,3.07,189624,2018-05-01 to 2018-10-28,11256,10775,481,0.46,1.02,490.62,490.62,TRUE,8.99,English,2017-03-01 to 2017-09-28,416.37,2017-02-01 to 2017-12-28,415.27,2017-02-01 to 2017-02-28,393.02,2017-05-01 to 2017-08-28,412.72,2017-05-01 to 2017-09-28,409.82,2017-11-01 to 2017-12-28,405.07,2017-09-01 to 2017-03-28,411.5,2017-01-01 to 2017-02-28,408.91,2017-12-01 to 2017-01-28,429.69,2017-12-01 to 2017-03-28,421.55,2017-07-01 to 2017-03-28,393.47
2908862090,6773514901,2017-10-10,2017-11-02,Amanda Pratt,"5370 Watson Streets Apt. 604, East Brittanyshire, DC 83925",41.0,45.29,250.42,9,4,10.16,482.5922847671388,8.87,0.52,0.94,1.19,16.47,769103,2018-10-01 to 2018-09-28,10448,9955,493,0.16,1.02,502.86,502.86,FALSE,,Arabic,2017-08-01 to 2017-01-28,433.76,2017-09-01 to 2017-06-28,442.3,2017-11-01 to 2017-03-28,445.14,2017-11-01 to 2017-04-28,442.6,2017-02-01 to 2017-08-28,461.07,2017-04-01 to 2017-03-28,475.54,2017-12-01 to 2017-02-28,437.85,2017-08-01 to 2017-11-28,462.07,2017-10-01 to 2017-01-28,468.75,2017-08-01 to 2017-03-28,453.26,2017-11-01 to 2017-12-28,482.59
2214246565,6317006167,2017-08-18,2017-09-07,Richard Walton,"381 Ruiz Rapids, Lewisview, MI 69982",45.86,-8.67,382.8,8,4,14.1,459.6475341019849,9.97,0.99,0.58,0.85,5.73,120496,2018-02-01 to 2018-11-28,11794,11190,604,0.2,1.03,622.12,622.12,TRUE,3.08,English,2017-09-01 to 2017-01-28,469.94,2017-10-01 to 2017-01-28,457.28,2017-05-01 to 2017-01-28,451.54,2017-12-01 to 2017-06-28,455.96,2017-08-01 to 2017-06-28,447.91,2017-12-01 to 2017-10-28,438.07,2017-12-01 to 2017-02-28,476.04,2017-11-01 to 2017-04-28,468.99,2017-10-01 to 2017-12-28,474.68,2017-03-01 to 2017-06-28,478.74,2017-06-01 to 2017-06-28,459.65
2790162545,6798355094,2017-10-14,2017-11-12,Robert Barrera,"036 Gordon Walks Suite 767, South Jon, MT 36991",0.08,-42.86,286.23,6,4,10.39,674.8054384209594,4.48,0.49,0.37,1.59,9.35,846520,2018-06-01 to 2018-12-28,10744,10171,573,0.42,1.02,584.46,584.46,FALSE,,English,2017-11-01 to 2017-04-28,642.08,2017-05-01 to 2017-08-28,636.93,2017-11-01 to 2017-01-28,650.92,2017-09-01 to 2017-04-28,636.44,2017-08-01 to 2017-10-28,637.99,2017-02-01 to 2017-06-28,635.09,2017-09-01 to 2017-04-28,657.56,2017-10-01 to 2017-06-28,649.39,2017-06-01 to 2017-10-28,647.57,2017-05-01 to 2017-04-28,675.58,2017-02-01 to 2017-03-28,674.81
2414098770,6593961310,2017-12-12,2018-01-07,Ryan Martinez,"432 Eric Row Apt. 442, Kayleeside, PR 15305",98.91,24.17,264.07,4,4,19.83,522.9246677986,5.49,0.9,0.56,1.9,10.49,248047,2018-02-01 to 2018-11-28,10557,9857,700,0.68,1.0,700.0,700.0,TRUE,18.17,Arabic,2017-02-01 to 2017-03-28,512.19,2017-06-01 to 2017-03-28,511.26,2017-02-01 to 2017-07-28,516.75,2017-08-01 to 2017-12-28,514.55,2017-12-01 to 2017-10-28,515.2,2017-08-01 to 2017-05-28,511.29,2017-11-01 to 2017-03-28,504.91,2017-03-01 to 2017-04-28,521.0,2017-12-01 to 2017-01-28,532.11,2017-09-01 to 2017-10-28,512.99,2017-03-01 to 2017-03-28,522.92
2094931709,6405885837,2017-02-13,2017-03-30,Pamela Martinez,"522 Moore Flat, Lake Aaron, WY 61448",64.33,13.27,155.19,0,3,19.42,655.2773758156372,0.55,0.42,0.78,1.86,9.67,880040,2018-05-01 to 2018-01-28,10303,9939,364,0.31,1.1,400.4,400.4,TRUE,40.09,English,2017-02-01 to 2017-08-28,670.91,2017-01-01 to 2017-01-28,646.42,2017-01-01 to 2017-01-28,625.6,2017-11-01 to 2017-05-28,660.93,2017-10-01 to 2017-03-28,622.68,2017-10-01 to 2017-02-28,638.18,2017-11-01 to 2017-02-28,639.51,2017-11-01 to 2017-06-28,649.58,2017-08-01 to 2017-04-28,648.35,2017-06-01 to 2017-08-28,665.59,2017-12-01 to 2017-02-28,655.28
2236323645,6483642878,2017-08-12,2017-09-21,Daniel Garrett,"USS Cortez, FPO AA 33185",81.16,46.79,204.77,5,0,8.55,437.93880056536057,3.29,0.1,0.26,0.54,17.65,978674,2018-12-01 to 2018-12-28,11820,11123,697,0.81,1.0,697.0,697.0,TRUE,9.97,Arabic,2017-02-01 to 2017-08-28,437.22,2017-09-01 to 2017-02-28,429.88,2017-11-01 to 2017-03-28,439.92,2017-04-01 to 2017-10-28,459.4,2017-05-01 to 2017-04-28,443.16,2017-11-01 to 2017-08-28,425.53,2017-03-01 to 2017-01-28,438.67,2017-02-01 to 2017-12-28,422.69,2017-10-01 to 2017-02-28,422.0,2017-06-01 to 2017-11-28,407.7,2017-12-01 to 2017-12-28,437.94
2106614802,6193754668,2017-10-08,2017-11-03,Donna Davis,"3934 Massey Fields Suite 755, Blakemouth, AS 80370",82.75,-21.85,351.52,4,2,8.91,460.8620687730017,4.62,0.29,0.48,1.65,17.49,524640,2018-06-01 to 2018-05-28,11354,10970,384,0.31,1.01,387.84,387.84,TRUE,8.26,English,2017-11-01 to 2017-11-28,393.52,2017-01-01 to 2017-04-28,408.91,2017-03-01 to 2017-02-28,422.35,2017-05-01 to 2017-10-28,437.91,2017-08-01 to 2017-09-28,418.56,2017-03-01 to 2017-07-28,432.6,2017-11-01 to 2017-10-28,441.97,2017-08-01 to 2017-02-28,423.76,2017-07-01 to 2017-11-28,441.35,2017-03-01 to 2017-05-28,442.37,2017-01-01 to 2017-09-28,460.86
2917662081,6700557143,2017-02-11,2017-03-03,Andrew Johnson,"Unit 5834 Box 9405, DPO AE 44463",44.38,-27.38,194.96,7,2,6.89,632.9209431026229,2.8,0.79,0.69,1.93,5.19,720677,2018-02-01 to 2018-05-28,11668,11228,440,0.25,1.08,475.2,475.2,TRUE,29.18,Arabic,2017-05-01 to 2017-03-28,637.01,2017-01-01 to 2017-06-28,631.5,2017-04-01 to 2017-07-28,635.78,2017-06-01 to 2017-06-28,659.69,2017-12-01 to 2017-02-28,617.97,2017-06-01 to 2017-07-28,624.96,2017-01-01 to 2017-12-28,626.52,2017-07-01 to 2017-11-28,644.5,2017-11-01 to 2017-06-28,650.47,2017-11-01 to 2017-02-28,625.03,2017-08-01 to 2017-11-28,632.92
2040554655,6293347707,2017-07-14,2017-08-01,John Butler,"543 Stephens Ville Apt. 458, New Laura, CO 77406",79.47,-20.21,477.36,4,4,19.14,705.2146701989836,1.78,0.66,0.39,1.87,19.91,466047,2018-03-01 to 2018-11-28,10917,10492,425,0.98,1.07,454.75,454.75,FALSE,,Arabic,2017-02-01 to 2017-10-28,691.49,2017-01-01 to 2017-05-28,689.63,2017-09-01 to 2017-08-28,708.46,2017-07-01 to 2017-03-28,691.81,2017-02-01 to 2017-04-28,712.5,2017-08-01 to 2017-10-28,671.14,2017-10-01 to 2017-04-28,691.15,2017-12-01 to 2017-02-28,697.7,2017-08-01 to 2017-06-28,694.54,2017-10-01 to 2017-04-28,700.68,2017-06-01 to 2017-06-28,705.21
2285636361,6020615501,2017-03-10,2017-04-14,Cynthia Erickson,"30692 Nicolas Burg Apt. 888, Rodneyview, MD 41644",8.68,-10.66,461.28,0,1,10.97,549.2032041870108,3.96,0.28,0.43,1.2,5.29,979407,2018-05-01 to 2018-08-28,11161,10761,400,0.42,1.05,420.0,420.0,FALSE,,Arabic,2017-02-01 to 2017-05-28,563.89,2017-09-01 to 2017-02-28,573.51,2017-10-01 to 2017-03-28,567.32,2017-06-01 to 2017-11-28,568.0,2017-06-01 to 2017-10-28,575.14,2017-01-01 to 2017-11-28,586.5,2017-02-01 to 2017-01-28,569.32,2017-07-01 to 2017-12-28,571.06,2017-08-01 to 2017-12-28,583.9,2017-06-01 to 2017-05-28,571.15,2017-02-01 to 2017-12-28,549.2
